"SUBJECT","Subject","LOCATION","Country","FREQUENCY","Frequency","TIME","Time","Unit Code","Unit","PowerCode Code","PowerCode","Reference Period Code","Reference Period","Value","Flag Codes","Flags"
"LOLITOAA","Amplitude adjusted (CLI)","USA","United States","M","Monthly","1990-01","Jan-1990","IDX","Index","0","Units",,,99.79704,,
"LOLITOAA","Amplitude adjusted (CLI)","USA","United States","M","Monthly","1990-02","Feb-1990","IDX","Index","0","Units",,,99.82634,,
"LOLITOAA","Amplitude adjusted (CLI)","USA","United States","M","Monthly","1990-03","Mar-1990","IDX","Index","0","Units",,,99.82671,,
"LOLITOAA","Amplitude adjusted (CLI)","USA","United States","M","Monthly","1990-04","Apr-1990","IDX","Index","0","Units",,,99.75539,,
"LOLITOAA","Amplitude adjusted (CLI)","USA","United States","M","Monthly","1990-05","May-1990","IDX","Index","0","Units",,,99.59018,,
"LOLITOAA","Amplitude adjusted (CLI)","USA","United States","M","Monthly","1990-06","Jun-1990","IDX","Index","0","Units",,,99.3128,,
"LOLITOAA","Amplitude adjusted (CLI)","USA","United States","M","Monthly","1990-07","Jul-1990","IDX","Index","0","Units",,,98.9272,,
"LOLITOAA","Amplitude adjusted (CLI)","USA","United States","M","Monthly","1990-08","Aug-1990","IDX","Index","0","Units",,,98.46288,,
"LOLITOAA","Amplitude adjusted (CLI)","USA","United States","M","Monthly","1990-09","Sep-1990","IDX","Index","0","Units",,,97.99137,,
"LOLITOAA","Amplitude adjusted (CLI)","USA","United States","M","Monthly","1990-10","Oct-1990","IDX","Index","0","Units",,,97.58037,,
"LOLITOAA","Amplitude adjusted (CLI)","USA","United States","M","Monthly","1990-11","Nov-1990","IDX","Index","0","Units",,,97.29697,,
"LOLITOAA","Amplitude adjusted (CLI)","USA","United States","M","Monthly","1990-12","Dec-1990","IDX","Index","0","Units",,,97.18497,,
"LOLITOAA","Amplitude adjusted (CLI)","USA","United States","M","Monthly","1991-01","Jan-1991","IDX","Index","0","Units",,,97.24259,,
"LOLITOAA","Amplitude adjusted (CLI)","USA","United States","M","Monthly","1991-02","Feb-1991","IDX","Index","0","Units",,,97.45387,,
"LOLITOAA","Amplitude adjusted (CLI)","USA","United States","M","Monthly","1991-03","Mar-1991","IDX","Index","0","Units",,,97.7675,,
"LOLITOAA","Amplitude adjusted (CLI)","USA","United States","M","Monthly","1991-04","Apr-1991","IDX","Index","0","Units",,,98.12267,,
"LOLITOAA","Amplitude adjusted (CLI)","USA","United States","M","Monthly","1991-05","May-1991","IDX","Index","0","Units",,,98.47965,,
"LOLITOAA","Amplitude adjusted (CLI)","USA","United States","M","Monthly","1991-06","Jun-1991","IDX","Index","0","Units",,,98.80657,,
"LOLITOAA","Amplitude adjusted (CLI)","USA","United States","M","Monthly","1991-07","Jul-1991","IDX","Index","0","Units",,,99.05611,,
"LOLITOAA","Amplitude adjusted (CLI)","USA","United States","M","Monthly","1991-08","Aug-1991","IDX","Index","0","Units",,,99.19176,,
"LOLITOAA","Amplitude adjusted (CLI)","USA","United States","M","Monthly","1991-09","Sep-1991","IDX","Index","0","Units",,,99.21971,,
"LOLITOAA","Amplitude adjusted (CLI)","USA","United States","M","Monthly","1991-10","Oct-1991","IDX","Index","0","Units",,,99.17129,,
"LOLITOAA","Amplitude adjusted (CLI)","USA","United States","M","Monthly","1991-11","Nov-1991","IDX","Index","0","Units",,,99.10006,,
"LOLITOAA","Amplitude adjusted (CLI)","USA","United States","M","Monthly","1991-12","Dec-1991","IDX","Index","0","Units",,,99.06725,,
"LOLITOAA","Amplitude adjusted (CLI)","USA","United States","M","Monthly","1992-01","Jan-1992","IDX","Index","0","Units",,,99.1162,,
"LOLITOAA","Amplitude adjusted (CLI)","USA","United States","M","Monthly","1992-02","Feb-1992","IDX","Index","0","Units",,,99.23872,,
"LOLITOAA","Amplitude adjusted (CLI)","USA","United States","M","Monthly","1992-03","Mar-1992","IDX","Index","0","Units",,,99.40057,,
"LOLITOAA","Amplitude adjusted (CLI)","USA","United States","M","Monthly","1992-04","Apr-1992","IDX","Index","0","Units",,,99.54632,,
"LOLITOAA","Amplitude adjusted (CLI)","USA","United States","M","Monthly","1992-05","May-1992","IDX","Index","0","Units",,,99.63762,,
"LOLITOAA","Amplitude adjusted (CLI)","USA","United States","M","Monthly","1992-06","Jun-1992","IDX","Index","0","Units",,,99.66254,,
"LOLITOAA","Amplitude adjusted (CLI)","USA","United States","M","Monthly","1992-07","Jul-1992","IDX","Index","0","Units",,,99.6497,,
"LOLITOAA","Amplitude adjusted (CLI)","USA","United States","M","Monthly","1992-08","Aug-1992","IDX","Index","0","Units",,,99.63923,,
"LOLITOAA","Amplitude adjusted (CLI)","USA","United States","M","Monthly","1992-09","Sep-1992","IDX","Index","0","Units",,,99.67123,,
"LOLITOAA","Amplitude adjusted (CLI)","USA","United States","M","Monthly","1992-10","Oct-1992","IDX","Index","0","Units",,,99.76927,,
"LOLITOAA","Amplitude adjusted (CLI)","USA","United States","M","Monthly","1992-11","Nov-1992","IDX","Index","0","Units",,,99.91091,,
"LOLITOAA","Amplitude adjusted (CLI)","USA","United States","M","Monthly","1992-12","Dec-1992","IDX","Index","0","Units",,,100.0371,,
"LOLITOAA","Amplitude adjusted (CLI)","USA","United States","M","Monthly","1993-01","Jan-1993","IDX","Index","0","Units",,,100.0977,,
"LOLITOAA","Amplitude adjusted (CLI)","USA","United States","M","Monthly","1993-02","Feb-1993","IDX","Index","0","Units",,,100.0793,,
"LOLITOAA","Amplitude adjusted (CLI)","USA","United States","M","Monthly","1993-03","Mar-1993","IDX","Index","0","Units",,,99.98985,,
"LOLITOAA","Amplitude adjusted (CLI)","USA","United States","M","Monthly","1993-04","Apr-1993","IDX","Index","0","Units",,,99.8601,,
"LOLITOAA","Amplitude adjusted (CLI)","USA","United States","M","Monthly","1993-05","May-1993","IDX","Index","0","Units",,,99.70926,,
"LOLITOAA","Amplitude adjusted (CLI)","USA","United States","M","Monthly","1993-06","Jun-1993","IDX","Index","0","Units",,,99.58127,,
"LOLITOAA","Amplitude adjusted (CLI)","USA","United States","M","Monthly","1993-07","Jul-1993","IDX","Index","0","Units",,,99.51073,,
"LOLITOAA","Amplitude adjusted (CLI)","USA","United States","M","Monthly","1993-08","Aug-1993","IDX","Index","0","Units",,,99.52312,,
"LOLITOAA","Amplitude adjusted (CLI)","USA","United States","M","Monthly","1993-09","Sep-1993","IDX","Index","0","Units",,,99.62492,,
"LOLITOAA","Amplitude adjusted (CLI)","USA","United States","M","Monthly","1993-10","Oct-1993","IDX","Index","0","Units",,,99.8073,,
"LOLITOAA","Amplitude adjusted (CLI)","USA","United States","M","Monthly","1993-11","Nov-1993","IDX","Index","0","Units",,,100.0393,,
"LOLITOAA","Amplitude adjusted (CLI)","USA","United States","M","Monthly","1993-12","Dec-1993","IDX","Index","0","Units",,,100.2975,,
"LOLITOAA","Amplitude adjusted (CLI)","USA","United States","M","Monthly","1994-01","Jan-1994","IDX","Index","0","Units",,,100.5398,,
"LOLITOAA","Amplitude adjusted (CLI)","USA","United States","M","Monthly","1994-02","Feb-1994","IDX","Index","0","Units",,,100.7338,,
"LOLITOAA","Amplitude adjusted (CLI)","USA","United States","M","Monthly","1994-03","Mar-1994","IDX","Index","0","Units",,,100.871,,
"LOLITOAA","Amplitude adjusted (CLI)","USA","United States","M","Monthly","1994-04","Apr-1994","IDX","Index","0","Units",,,100.953,,
"LOLITOAA","Amplitude adjusted (CLI)","USA","United States","M","Monthly","1994-05","May-1994","IDX","Index","0","Units",,,100.9843,,
"LOLITOAA","Amplitude adjusted (CLI)","USA","United States","M","Monthly","1994-06","Jun-1994","IDX","Index","0","Units",,,100.9726,,
"LOLITOAA","Amplitude adjusted (CLI)","USA","United States","M","Monthly","1994-07","Jul-1994","IDX","Index","0","Units",,,100.933,,
"LOLITOAA","Amplitude adjusted (CLI)","USA","United States","M","Monthly","1994-08","Aug-1994","IDX","Index","0","Units",,,100.8791,,
"LOLITOAA","Amplitude adjusted (CLI)","USA","United States","M","Monthly","1994-09","Sep-1994","IDX","Index","0","Units",,,100.8129,,
"LOLITOAA","Amplitude adjusted (CLI)","USA","United States","M","Monthly","1994-10","Oct-1994","IDX","Index","0","Units",,,100.7262,,
"LOLITOAA","Amplitude adjusted (CLI)","USA","United States","M","Monthly","1994-11","Nov-1994","IDX","Index","0","Units",,,100.5959,,
"LOLITOAA","Amplitude adjusted (CLI)","USA","United States","M","Monthly","1994-12","Dec-1994","IDX","Index","0","Units",,,100.413,,
"LOLITOAA","Amplitude adjusted (CLI)","USA","United States","M","Monthly","1995-01","Jan-1995","IDX","Index","0","Units",,,100.1726,,
"LOLITOAA","Amplitude adjusted (CLI)","USA","United States","M","Monthly","1995-02","Feb-1995","IDX","Index","0","Units",,,99.87657,,
"LOLITOAA","Amplitude adjusted (CLI)","USA","United States","M","Monthly","1995-03","Mar-1995","IDX","Index","0","Units",,,99.55536,,
"LOLITOAA","Amplitude adjusted (CLI)","USA","United States","M","Monthly","1995-04","Apr-1995","IDX","Index","0","Units",,,99.2583,,
"LOLITOAA","Amplitude adjusted (CLI)","USA","United States","M","Monthly","1995-05","May-1995","IDX","Index","0","Units",,,99.02393,,
"LOLITOAA","Amplitude adjusted (CLI)","USA","United States","M","Monthly","1995-06","Jun-1995","IDX","Index","0","Units",,,98.8694,,
"LOLITOAA","Amplitude adjusted (CLI)","USA","United States","M","Monthly","1995-07","Jul-1995","IDX","Index","0","Units",,,98.78137,,
"LOLITOAA","Amplitude adjusted (CLI)","USA","United States","M","Monthly","1995-08","Aug-1995","IDX","Index","0","Units",,,98.72576,,
"LOLITOAA","Amplitude adjusted (CLI)","USA","United States","M","Monthly","1995-09","Sep-1995","IDX","Index","0","Units",,,98.67704,,
"LOLITOAA","Amplitude adjusted (CLI)","USA","United States","M","Monthly","1995-10","Oct-1995","IDX","Index","0","Units",,,98.63582,,
"LOLITOAA","Amplitude adjusted (CLI)","USA","United States","M","Monthly","1995-11","Nov-1995","IDX","Index","0","Units",,,98.61674,,
"LOLITOAA","Amplitude adjusted (CLI)","USA","United States","M","Monthly","1995-12","Dec-1995","IDX","Index","0","Units",,,98.63447,,
"LOLITOAA","Amplitude adjusted (CLI)","USA","United States","M","Monthly","1996-01","Jan-1996","IDX","Index","0","Units",,,98.6989,,
"LOLITOAA","Amplitude adjusted (CLI)","USA","United States","M","Monthly","1996-02","Feb-1996","IDX","Index","0","Units",,,98.81811,,
"LOLITOAA","Amplitude adjusted (CLI)","USA","United States","M","Monthly","1996-03","Mar-1996","IDX","Index","0","Units",,,98.97587,,
"LOLITOAA","Amplitude adjusted (CLI)","USA","United States","M","Monthly","1996-04","Apr-1996","IDX","Index","0","Units",,,99.13966,,
"LOLITOAA","Amplitude adjusted (CLI)","USA","United States","M","Monthly","1996-05","May-1996","IDX","Index","0","Units",,,99.29243,,
"LOLITOAA","Amplitude adjusted (CLI)","USA","United States","M","Monthly","1996-06","Jun-1996","IDX","Index","0","Units",,,99.41689,,
"LOLITOAA","Amplitude adjusted (CLI)","USA","United States","M","Monthly","1996-07","Jul-1996","IDX","Index","0","Units",,,99.50304,,
"LOLITOAA","Amplitude adjusted (CLI)","USA","United States","M","Monthly","1996-08","Aug-1996","IDX","Index","0","Units",,,99.57205,,
"LOLITOAA","Amplitude adjusted (CLI)","USA","United States","M","Monthly","1996-09","Sep-1996","IDX","Index","0","Units",,,99.63847,,
"LOLITOAA","Amplitude adjusted (CLI)","USA","United States","M","Monthly","1996-10","Oct-1996","IDX","Index","0","Units",,,99.70667,,
"LOLITOAA","Amplitude adjusted (CLI)","USA","United States","M","Monthly","1996-11","Nov-1996","IDX","Index","0","Units",,,99.78475,,
"LOLITOAA","Amplitude adjusted (CLI)","USA","United States","M","Monthly","1996-12","Dec-1996","IDX","Index","0","Units",,,99.86807,,
"LOLITOAA","Amplitude adjusted (CLI)","USA","United States","M","Monthly","1997-01","Jan-1997","IDX","Index","0","Units",,,99.96609,,
"LOLITOAA","Amplitude adjusted (CLI)","USA","United States","M","Monthly","1997-02","Feb-1997","IDX","Index","0","Units",,,100.0881,,
"LOLITOAA","Amplitude adjusted (CLI)","USA","United States","M","Monthly","1997-03","Mar-1997","IDX","Index","0","Units",,,100.2211,,
"LOLITOAA","Amplitude adjusted (CLI)","USA","United States","M","Monthly","1997-04","Apr-1997","IDX","Index","0","Units",,,100.3582,,
"LOLITOAA","Amplitude adjusted (CLI)","USA","United States","M","Monthly","1997-05","May-1997","IDX","Index","0","Units",,,100.4947,,
"LOLITOAA","Amplitude adjusted (CLI)","USA","United States","M","Monthly","1997-06","Jun-1997","IDX","Index","0","Units",,,100.6238,,
"LOLITOAA","Amplitude adjusted (CLI)","USA","United States","M","Monthly","1997-07","Jul-1997","IDX","Index","0","Units",,,100.7348,,
"LOLITOAA","Amplitude adjusted (CLI)","USA","United States","M","Monthly","1997-08","Aug-1997","IDX","Index","0","Units",,,100.8137,,
"LOLITOAA","Amplitude adjusted (CLI)","USA","United States","M","Monthly","1997-09","Sep-1997","IDX","Index","0","Units",,,100.865,,
"LOLITOAA","Amplitude adjusted (CLI)","USA","United States","M","Monthly","1997-10","Oct-1997","IDX","Index","0","Units",,,100.8915,,
"LOLITOAA","Amplitude adjusted (CLI)","USA","United States","M","Monthly","1997-11","Nov-1997","IDX","Index","0","Units",,,100.8885,,
"LOLITOAA","Amplitude adjusted (CLI)","USA","United States","M","Monthly","1997-12","Dec-1997","IDX","Index","0","Units",,,100.853,,
"LOLITOAA","Amplitude adjusted (CLI)","USA","United States","M","Monthly","1998-01","Jan-1998","IDX","Index","0","Units",,,100.8028,,
"LOLITOAA","Amplitude adjusted (CLI)","USA","United States","M","Monthly","1998-02","Feb-1998","IDX","Index","0","Units",,,100.7375,,
"LOLITOAA","Amplitude adjusted (CLI)","USA","United States","M","Monthly","1998-03","Mar-1998","IDX","Index","0","Units",,,100.6409,,
"LOLITOAA","Amplitude adjusted (CLI)","USA","United States","M","Monthly","1998-04","Apr-1998","IDX","Index","0","Units",,,100.5101,,
"LOLITOAA","Amplitude adjusted (CLI)","USA","United States","M","Monthly","1998-05","May-1998","IDX","Index","0","Units",,,100.3448,,
"LOLITOAA","Amplitude adjusted (CLI)","USA","United States","M","Monthly","1998-06","Jun-1998","IDX","Index","0","Units",,,100.1567,,
"LOLITOAA","Amplitude adjusted (CLI)","USA","United States","M","Monthly","1998-07","Jul-1998","IDX","Index","0","Units",,,99.97666,,
"LOLITOAA","Amplitude adjusted (CLI)","USA","United States","M","Monthly","1998-08","Aug-1998","IDX","Index","0","Units",,,99.82663,,
"LOLITOAA","Amplitude adjusted (CLI)","USA","United States","M","Monthly","1998-09","Sep-1998","IDX","Index","0","Units",,,99.73416,,
"LOLITOAA","Amplitude adjusted (CLI)","USA","United States","M","Monthly","1998-10","Oct-1998","IDX","Index","0","Units",,,99.73281,,
"LOLITOAA","Amplitude adjusted (CLI)","USA","United States","M","Monthly","1998-11","Nov-1998","IDX","Index","0","Units",,,99.8261,,
"LOLITOAA","Amplitude adjusted (CLI)","USA","United States","M","Monthly","1998-12","Dec-1998","IDX","Index","0","Units",,,99.97964,,
"LOLITOAA","Amplitude adjusted (CLI)","USA","United States","M","Monthly","1999-01","Jan-1999","IDX","Index","0","Units",,,100.1705,,
"LOLITOAA","Amplitude adjusted (CLI)","USA","United States","M","Monthly","1999-02","Feb-1999","IDX","Index","0","Units",,,100.3646,,
"LOLITOAA","Amplitude adjusted (CLI)","USA","United States","M","Monthly","1999-03","Mar-1999","IDX","Index","0","Units",,,100.5401,,
"LOLITOAA","Amplitude adjusted (CLI)","USA","United States","M","Monthly","1999-04","Apr-1999","IDX","Index","0","Units",,,100.6957,,
"LOLITOAA","Amplitude adjusted (CLI)","USA","United States","M","Monthly","1999-05","May-1999","IDX","Index","0","Units",,,100.8312,,
"LOLITOAA","Amplitude adjusted (CLI)","USA","United States","M","Monthly","1999-06","Jun-1999","IDX","Index","0","Units",,,100.9357,,
"LOLITOAA","Amplitude adjusted (CLI)","USA","United States","M","Monthly","1999-07","Jul-1999","IDX","Index","0","Units",,,101.0128,,
"LOLITOAA","Amplitude adjusted (CLI)","USA","United States","M","Monthly","1999-08","Aug-1999","IDX","Index","0","Units",,,101.0716,,
"LOLITOAA","Amplitude adjusted (CLI)","USA","United States","M","Monthly","1999-09","Sep-1999","IDX","Index","0","Units",,,101.1248,,
"LOLITOAA","Amplitude adjusted (CLI)","USA","United States","M","Monthly","1999-10","Oct-1999","IDX","Index","0","Units",,,101.1805,,
"LOLITOAA","Amplitude adjusted (CLI)","USA","United States","M","Monthly","1999-11","Nov-1999","IDX","Index","0","Units",,,101.2397,,
"LOLITOAA","Amplitude adjusted (CLI)","USA","United States","M","Monthly","1999-12","Dec-1999","IDX","Index","0","Units",,,101.2882,,
"LOLITOAA","Amplitude adjusted (CLI)","USA","United States","M","Monthly","2000-01","Jan-2000","IDX","Index","0","Units",,,101.3025,,
"LOLITOAA","Amplitude adjusted (CLI)","USA","United States","M","Monthly","2000-02","Feb-2000","IDX","Index","0","Units",,,101.2641,,
"LOLITOAA","Amplitude adjusted (CLI)","USA","United States","M","Monthly","2000-03","Mar-2000","IDX","Index","0","Units",,,101.1956,,
"LOLITOAA","Amplitude adjusted (CLI)","USA","United States","M","Monthly","2000-04","Apr-2000","IDX","Index","0","Units",,,101.1071,,
"LOLITOAA","Amplitude adjusted (CLI)","USA","United States","M","Monthly","2000-05","May-2000","IDX","Index","0","Units",,,100.9885,,
"LOLITOAA","Amplitude adjusted (CLI)","USA","United States","M","Monthly","2000-06","Jun-2000","IDX","Index","0","Units",,,100.8391,,
"LOLITOAA","Amplitude adjusted (CLI)","USA","United States","M","Monthly","2000-07","Jul-2000","IDX","Index","0","Units",,,100.6416,,
"LOLITOAA","Amplitude adjusted (CLI)","USA","United States","M","Monthly","2000-08","Aug-2000","IDX","Index","0","Units",,,100.3988,,
"LOLITOAA","Amplitude adjusted (CLI)","USA","United States","M","Monthly","2000-09","Sep-2000","IDX","Index","0","Units",,,100.12,,
"LOLITOAA","Amplitude adjusted (CLI)","USA","United States","M","Monthly","2000-10","Oct-2000","IDX","Index","0","Units",,,99.79459,,
"LOLITOAA","Amplitude adjusted (CLI)","USA","United States","M","Monthly","2000-11","Nov-2000","IDX","Index","0","Units",,,99.43533,,
"LOLITOAA","Amplitude adjusted (CLI)","USA","United States","M","Monthly","2000-12","Dec-2000","IDX","Index","0","Units",,,99.06218,,
"LOLITOAA","Amplitude adjusted (CLI)","USA","United States","M","Monthly","2001-01","Jan-2001","IDX","Index","0","Units",,,98.73997,,
"LOLITOAA","Amplitude adjusted (CLI)","USA","United States","M","Monthly","2001-02","Feb-2001","IDX","Index","0","Units",,,98.50379,,
"LOLITOAA","Amplitude adjusted (CLI)","USA","United States","M","Monthly","2001-03","Mar-2001","IDX","Index","0","Units",,,98.35965,,
"LOLITOAA","Amplitude adjusted (CLI)","USA","United States","M","Monthly","2001-04","Apr-2001","IDX","Index","0","Units",,,98.29402,,
"LOLITOAA","Amplitude adjusted (CLI)","USA","United States","M","Monthly","2001-05","May-2001","IDX","Index","0","Units",,,98.28058,,
"LOLITOAA","Amplitude adjusted (CLI)","USA","United States","M","Monthly","2001-06","Jun-2001","IDX","Index","0","Units",,,98.26688,,
"LOLITOAA","Amplitude adjusted (CLI)","USA","United States","M","Monthly","2001-07","Jul-2001","IDX","Index","0","Units",,,98.22678,,
"LOLITOAA","Amplitude adjusted (CLI)","USA","United States","M","Monthly","2001-08","Aug-2001","IDX","Index","0","Units",,,98.16107,,
"LOLITOAA","Amplitude adjusted (CLI)","USA","United States","M","Monthly","2001-09","Sep-2001","IDX","Index","0","Units",,,98.11236,,
"LOLITOAA","Amplitude adjusted (CLI)","USA","United States","M","Monthly","2001-10","Oct-2001","IDX","Index","0","Units",,,98.14994,,
"LOLITOAA","Amplitude adjusted (CLI)","USA","United States","M","Monthly","2001-11","Nov-2001","IDX","Index","0","Units",,,98.30239,,
"LOLITOAA","Amplitude adjusted (CLI)","USA","United States","M","Monthly","2001-12","Dec-2001","IDX","Index","0","Units",,,98.5514,,
"LOLITOAA","Amplitude adjusted (CLI)","USA","United States","M","Monthly","2002-01","Jan-2002","IDX","Index","0","Units",,,98.84482,,
"LOLITOAA","Amplitude adjusted (CLI)","USA","United States","M","Monthly","2002-02","Feb-2002","IDX","Index","0","Units",,,99.12988,,
"LOLITOAA","Amplitude adjusted (CLI)","USA","United States","M","Monthly","2002-03","Mar-2002","IDX","Index","0","Units",,,99.34682,,
"LOLITOAA","Amplitude adjusted (CLI)","USA","United States","M","Monthly","2002-04","Apr-2002","IDX","Index","0","Units",,,99.43846,,
"LOLITOAA","Amplitude adjusted (CLI)","USA","United States","M","Monthly","2002-05","May-2002","IDX","Index","0","Units",,,99.38589,,
"LOLITOAA","Amplitude adjusted (CLI)","USA","United States","M","Monthly","2002-06","Jun-2002","IDX","Index","0","Units",,,99.1941,,
"LOLITOAA","Amplitude adjusted (CLI)","USA","United States","M","Monthly","2002-07","Jul-2002","IDX","Index","0","Units",,,98.91193,,
"LOLITOAA","Amplitude adjusted (CLI)","USA","United States","M","Monthly","2002-08","Aug-2002","IDX","Index","0","Units",,,98.60615,,
"LOLITOAA","Amplitude adjusted (CLI)","USA","United States","M","Monthly","2002-09","Sep-2002","IDX","Index","0","Units",,,98.31764,,
"LOLITOAA","Amplitude adjusted (CLI)","USA","United States","M","Monthly","2002-10","Oct-2002","IDX","Index","0","Units",,,98.08617,,
"LOLITOAA","Amplitude adjusted (CLI)","USA","United States","M","Monthly","2002-11","Nov-2002","IDX","Index","0","Units",,,97.93169,,
"LOLITOAA","Amplitude adjusted (CLI)","USA","United States","M","Monthly","2002-12","Dec-2002","IDX","Index","0","Units",,,97.82701,,
"LOLITOAA","Amplitude adjusted (CLI)","USA","United States","M","Monthly","2003-01","Jan-2003","IDX","Index","0","Units",,,97.75401,,
"LOLITOAA","Amplitude adjusted (CLI)","USA","United States","M","Monthly","2003-02","Feb-2003","IDX","Index","0","Units",,,97.72565,,
"LOLITOAA","Amplitude adjusted (CLI)","USA","United States","M","Monthly","2003-03","Mar-2003","IDX","Index","0","Units",,,97.77401,,
"LOLITOAA","Amplitude adjusted (CLI)","USA","United States","M","Monthly","2003-04","Apr-2003","IDX","Index","0","Units",,,97.92051,,
"LOLITOAA","Amplitude adjusted (CLI)","USA","United States","M","Monthly","2003-05","May-2003","IDX","Index","0","Units",,,98.15575,,
"LOLITOAA","Amplitude adjusted (CLI)","USA","United States","M","Monthly","2003-06","Jun-2003","IDX","Index","0","Units",,,98.44962,,
"LOLITOAA","Amplitude adjusted (CLI)","USA","United States","M","Monthly","2003-07","Jul-2003","IDX","Index","0","Units",,,98.78568,,
"LOLITOAA","Amplitude adjusted (CLI)","USA","United States","M","Monthly","2003-08","Aug-2003","IDX","Index","0","Units",,,99.1551,,
"LOLITOAA","Amplitude adjusted (CLI)","USA","United States","M","Monthly","2003-09","Sep-2003","IDX","Index","0","Units",,,99.5462,,
"LOLITOAA","Amplitude adjusted (CLI)","USA","United States","M","Monthly","2003-10","Oct-2003","IDX","Index","0","Units",,,99.94175,,
"LOLITOAA","Amplitude adjusted (CLI)","USA","United States","M","Monthly","2003-11","Nov-2003","IDX","Index","0","Units",,,100.3105,,
"LOLITOAA","Amplitude adjusted (CLI)","USA","United States","M","Monthly","2003-12","Dec-2003","IDX","Index","0","Units",,,100.6185,,
"LOLITOAA","Amplitude adjusted (CLI)","USA","United States","M","Monthly","2004-01","Jan-2004","IDX","Index","0","Units",,,100.8517,,
"LOLITOAA","Amplitude adjusted (CLI)","USA","United States","M","Monthly","2004-02","Feb-2004","IDX","Index","0","Units",,,100.9926,,
"LOLITOAA","Amplitude adjusted (CLI)","USA","United States","M","Monthly","2004-03","Mar-2004","IDX","Index","0","Units",,,101.0565,,
"LOLITOAA","Amplitude adjusted (CLI)","USA","United States","M","Monthly","2004-04","Apr-2004","IDX","Index","0","Units",,,101.0578,,
"LOLITOAA","Amplitude adjusted (CLI)","USA","United States","M","Monthly","2004-05","May-2004","IDX","Index","0","Units",,,101.0173,,
"LOLITOAA","Amplitude adjusted (CLI)","USA","United States","M","Monthly","2004-06","Jun-2004","IDX","Index","0","Units",,,100.9438,,
"LOLITOAA","Amplitude adjusted (CLI)","USA","United States","M","Monthly","2004-07","Jul-2004","IDX","Index","0","Units",,,100.8434,,
"LOLITOAA","Amplitude adjusted (CLI)","USA","United States","M","Monthly","2004-08","Aug-2004","IDX","Index","0","Units",,,100.7298,,
"LOLITOAA","Amplitude adjusted (CLI)","USA","United States","M","Monthly","2004-09","Sep-2004","IDX","Index","0","Units",,,100.626,,
"LOLITOAA","Amplitude adjusted (CLI)","USA","United States","M","Monthly","2004-10","Oct-2004","IDX","Index","0","Units",,,100.5479,,
"LOLITOAA","Amplitude adjusted (CLI)","USA","United States","M","Monthly","2004-11","Nov-2004","IDX","Index","0","Units",,,100.5052,,
"LOLITOAA","Amplitude adjusted (CLI)","USA","United States","M","Monthly","2004-12","Dec-2004","IDX","Index","0","Units",,,100.4759,,
"LOLITOAA","Amplitude adjusted (CLI)","USA","United States","M","Monthly","2005-01","Jan-2005","IDX","Index","0","Units",,,100.4296,,
"LOLITOAA","Amplitude adjusted (CLI)","USA","United States","M","Monthly","2005-02","Feb-2005","IDX","Index","0","Units",,,100.3623,,
"LOLITOAA","Amplitude adjusted (CLI)","USA","United States","M","Monthly","2005-03","Mar-2005","IDX","Index","0","Units",,,100.2888,,
"LOLITOAA","Amplitude adjusted (CLI)","USA","United States","M","Monthly","2005-04","Apr-2005","IDX","Index","0","Units",,,100.2386,,
"LOLITOAA","Amplitude adjusted (CLI)","USA","United States","M","Monthly","2005-05","May-2005","IDX","Index","0","Units",,,100.2321,,
"LOLITOAA","Amplitude adjusted (CLI)","USA","United States","M","Monthly","2005-06","Jun-2005","IDX","Index","0","Units",,,100.2648,,
"LOLITOAA","Amplitude adjusted (CLI)","USA","United States","M","Monthly","2005-07","Jul-2005","IDX","Index","0","Units",,,100.3099,,
"LOLITOAA","Amplitude adjusted (CLI)","USA","United States","M","Monthly","2005-08","Aug-2005","IDX","Index","0","Units",,,100.365,,
"LOLITOAA","Amplitude adjusted (CLI)","USA","United States","M","Monthly","2005-09","Sep-2005","IDX","Index","0","Units",,,100.4502,,
"LOLITOAA","Amplitude adjusted (CLI)","USA","United States","M","Monthly","2005-10","Oct-2005","IDX","Index","0","Units",,,100.5807,,
"LOLITOAA","Amplitude adjusted (CLI)","USA","United States","M","Monthly","2005-11","Nov-2005","IDX","Index","0","Units",,,100.7437,,
"LOLITOAA","Amplitude adjusted (CLI)","USA","United States","M","Monthly","2005-12","Dec-2005","IDX","Index","0","Units",,,100.9031,,
"LOLITOAA","Amplitude adjusted (CLI)","USA","United States","M","Monthly","2006-01","Jan-2006","IDX","Index","0","Units",,,101.0314,,
"LOLITOAA","Amplitude adjusted (CLI)","USA","United States","M","Monthly","2006-02","Feb-2006","IDX","Index","0","Units",,,101.1196,,
"LOLITOAA","Amplitude adjusted (CLI)","USA","United States","M","Monthly","2006-03","Mar-2006","IDX","Index","0","Units",,,101.1609,,
"LOLITOAA","Amplitude adjusted (CLI)","USA","United States","M","Monthly","2006-04","Apr-2006","IDX","Index","0","Units",,,101.1495,,
"LOLITOAA","Amplitude adjusted (CLI)","USA","United States","M","Monthly","2006-05","May-2006","IDX","Index","0","Units",,,101.1024,,
"LOLITOAA","Amplitude adjusted (CLI)","USA","United States","M","Monthly","2006-06","Jun-2006","IDX","Index","0","Units",,,101.0567,,
"LOLITOAA","Amplitude adjusted (CLI)","USA","United States","M","Monthly","2006-07","Jul-2006","IDX","Index","0","Units",,,101.0304,,
"LOLITOAA","Amplitude adjusted (CLI)","USA","United States","M","Monthly","2006-08","Aug-2006","IDX","Index","0","Units",,,101.0387,,
"LOLITOAA","Amplitude adjusted (CLI)","USA","United States","M","Monthly","2006-09","Sep-2006","IDX","Index","0","Units",,,101.0927,,
"LOLITOAA","Amplitude adjusted (CLI)","USA","United States","M","Monthly","2006-10","Oct-2006","IDX","Index","0","Units",,,101.1736,,
"LOLITOAA","Amplitude adjusted (CLI)","USA","United States","M","Monthly","2006-11","Nov-2006","IDX","Index","0","Units",,,101.2691,,
"LOLITOAA","Amplitude adjusted (CLI)","USA","United States","M","Monthly","2006-12","Dec-2006","IDX","Index","0","Units",,,101.3713,,
"LOLITOAA","Amplitude adjusted (CLI)","USA","United States","M","Monthly","2007-01","Jan-2007","IDX","Index","0","Units",,,101.4713,,
"LOLITOAA","Amplitude adjusted (CLI)","USA","United States","M","Monthly","2007-02","Feb-2007","IDX","Index","0","Units",,,101.5743,,
"LOLITOAA","Amplitude adjusted (CLI)","USA","United States","M","Monthly","2007-03","Mar-2007","IDX","Index","0","Units",,,101.6849,,
"LOLITOAA","Amplitude adjusted (CLI)","USA","United States","M","Monthly","2007-04","Apr-2007","IDX","Index","0","Units",,,101.7917,,
"LOLITOAA","Amplitude adjusted (CLI)","USA","United States","M","Monthly","2007-05","May-2007","IDX","Index","0","Units",,,101.8729,,
"LOLITOAA","Amplitude adjusted (CLI)","USA","United States","M","Monthly","2007-06","Jun-2007","IDX","Index","0","Units",,,101.9134,,
"LOLITOAA","Amplitude adjusted (CLI)","USA","United States","M","Monthly","2007-07","Jul-2007","IDX","Index","0","Units",,,101.8966,,
"LOLITOAA","Amplitude adjusted (CLI)","USA","United States","M","Monthly","2007-08","Aug-2007","IDX","Index","0","Units",,,101.8181,,
"LOLITOAA","Amplitude adjusted (CLI)","USA","United States","M","Monthly","2007-09","Sep-2007","IDX","Index","0","Units",,,101.7083,,
"LOLITOAA","Amplitude adjusted (CLI)","USA","United States","M","Monthly","2007-10","Oct-2007","IDX","Index","0","Units",,,101.5859,,
"LOLITOAA","Amplitude adjusted (CLI)","USA","United States","M","Monthly","2007-11","Nov-2007","IDX","Index","0","Units",,,101.458,,
"LOLITOAA","Amplitude adjusted (CLI)","USA","United States","M","Monthly","2007-12","Dec-2007","IDX","Index","0","Units",,,101.3325,,
"LOLITOAA","Amplitude adjusted (CLI)","USA","United States","M","Monthly","2008-01","Jan-2008","IDX","Index","0","Units",,,101.2056,,
"LOLITOAA","Amplitude adjusted (CLI)","USA","United States","M","Monthly","2008-02","Feb-2008","IDX","Index","0","Units",,,101.0704,,
"LOLITOAA","Amplitude adjusted (CLI)","USA","United States","M","Monthly","2008-03","Mar-2008","IDX","Index","0","Units",,,100.9203,,
"LOLITOAA","Amplitude adjusted (CLI)","USA","United States","M","Monthly","2008-04","Apr-2008","IDX","Index","0","Units",,,100.7384,,
"LOLITOAA","Amplitude adjusted (CLI)","USA","United States","M","Monthly","2008-05","May-2008","IDX","Index","0","Units",,,100.4994,,
"LOLITOAA","Amplitude adjusted (CLI)","USA","United States","M","Monthly","2008-06","Jun-2008","IDX","Index","0","Units",,,100.1631,,
"LOLITOAA","Amplitude adjusted (CLI)","USA","United States","M","Monthly","2008-07","Jul-2008","IDX","Index","0","Units",,,99.69211,,
"LOLITOAA","Amplitude adjusted (CLI)","USA","United States","M","Monthly","2008-08","Aug-2008","IDX","Index","0","Units",,,99.05685,,
"LOLITOAA","Amplitude adjusted (CLI)","USA","United States","M","Monthly","2008-09","Sep-2008","IDX","Index","0","Units",,,98.25579,,
"LOLITOAA","Amplitude adjusted (CLI)","USA","United States","M","Monthly","2008-10","Oct-2008","IDX","Index","0","Units",,,97.34141,,
"LOLITOAA","Amplitude adjusted (CLI)","USA","United States","M","Monthly","2008-11","Nov-2008","IDX","Index","0","Units",,,96.43086,,
"LOLITOAA","Amplitude adjusted (CLI)","USA","United States","M","Monthly","2008-12","Dec-2008","IDX","Index","0","Units",,,95.63139,,
"LOLITOAA","Amplitude adjusted (CLI)","USA","United States","M","Monthly","2009-01","Jan-2009","IDX","Index","0","Units",,,95.02464,,
"LOLITOAA","Amplitude adjusted (CLI)","USA","United States","M","Monthly","2009-02","Feb-2009","IDX","Index","0","Units",,,94.66774,,
"LOLITOAA","Amplitude adjusted (CLI)","USA","United States","M","Monthly","2009-03","Mar-2009","IDX","Index","0","Units",,,94.59993,,
"LOLITOAA","Amplitude adjusted (CLI)","USA","United States","M","Monthly","2009-04","Apr-2009","IDX","Index","0","Units",,,94.81326,,
"LOLITOAA","Amplitude adjusted (CLI)","USA","United States","M","Monthly","2009-05","May-2009","IDX","Index","0","Units",,,95.22746,,
"LOLITOAA","Amplitude adjusted (CLI)","USA","United States","M","Monthly","2009-06","Jun-2009","IDX","Index","0","Units",,,95.7564,,
"LOLITOAA","Amplitude adjusted (CLI)","USA","United States","M","Monthly","2009-07","Jul-2009","IDX","Index","0","Units",,,96.33253,,
"LOLITOAA","Amplitude adjusted (CLI)","USA","United States","M","Monthly","2009-08","Aug-2009","IDX","Index","0","Units",,,96.90733,,
"LOLITOAA","Amplitude adjusted (CLI)","USA","United States","M","Monthly","2009-09","Sep-2009","IDX","Index","0","Units",,,97.44814,,
"LOLITOAA","Amplitude adjusted (CLI)","USA","United States","M","Monthly","2009-10","Oct-2009","IDX","Index","0","Units",,,97.94174,,
"LOLITOAA","Amplitude adjusted (CLI)","USA","United States","M","Monthly","2009-11","Nov-2009","IDX","Index","0","Units",,,98.38808,,
"LOLITOAA","Amplitude adjusted (CLI)","USA","United States","M","Monthly","2009-12","Dec-2009","IDX","Index","0","Units",,,98.79372,,
"LOLITOAA","Amplitude adjusted (CLI)","USA","United States","M","Monthly","2010-01","Jan-2010","IDX","Index","0","Units",,,99.14448,,
"LOLITOAA","Amplitude adjusted (CLI)","USA","United States","M","Monthly","2010-02","Feb-2010","IDX","Index","0","Units",,,99.40787,,
"LOLITOAA","Amplitude adjusted (CLI)","USA","United States","M","Monthly","2010-03","Mar-2010","IDX","Index","0","Units",,,99.59211,,
"LOLITOAA","Amplitude adjusted (CLI)","USA","United States","M","Monthly","2010-04","Apr-2010","IDX","Index","0","Units",,,99.67846,,
"LOLITOAA","Amplitude adjusted (CLI)","USA","United States","M","Monthly","2010-05","May-2010","IDX","Index","0","Units",,,99.67077,,
"LOLITOAA","Amplitude adjusted (CLI)","USA","United States","M","Monthly","2010-06","Jun-2010","IDX","Index","0","Units",,,99.60962,,
"LOLITOAA","Amplitude adjusted (CLI)","USA","United States","M","Monthly","2010-07","Jul-2010","IDX","Index","0","Units",,,99.55648,,
"LOLITOAA","Amplitude adjusted (CLI)","USA","United States","M","Monthly","2010-08","Aug-2010","IDX","Index","0","Units",,,99.55914,,
"LOLITOAA","Amplitude adjusted (CLI)","USA","United States","M","Monthly","2010-09","Sep-2010","IDX","Index","0","Units",,,99.63062,,
"LOLITOAA","Amplitude adjusted (CLI)","USA","United States","M","Monthly","2010-10","Oct-2010","IDX","Index","0","Units",,,99.76015,,
"LOLITOAA","Amplitude adjusted (CLI)","USA","United States","M","Monthly","2010-11","Nov-2010","IDX","Index","0","Units",,,99.93497,,
"LOLITOAA","Amplitude adjusted (CLI)","USA","United States","M","Monthly","2010-12","Dec-2010","IDX","Index","0","Units",,,100.1174,,
"LOLITOAA","Amplitude adjusted (CLI)","USA","United States","M","Monthly","2011-01","Jan-2011","IDX","Index","0","Units",,,100.2661,,
"LOLITOAA","Amplitude adjusted (CLI)","USA","United States","M","Monthly","2011-02","Feb-2011","IDX","Index","0","Units",,,100.3458,,
"LOLITOAA","Amplitude adjusted (CLI)","USA","United States","M","Monthly","2011-03","Mar-2011","IDX","Index","0","Units",,,100.3311,,
"LOLITOAA","Amplitude adjusted (CLI)","USA","United States","M","Monthly","2011-04","Apr-2011","IDX","Index","0","Units",,,100.2223,,
"LOLITOAA","Amplitude adjusted (CLI)","USA","United States","M","Monthly","2011-05","May-2011","IDX","Index","0","Units",,,100.029,,
"LOLITOAA","Amplitude adjusted (CLI)","USA","United States","M","Monthly","2011-06","Jun-2011","IDX","Index","0","Units",,,99.77338,,
"LOLITOAA","Amplitude adjusted (CLI)","USA","United States","M","Monthly","2011-07","Jul-2011","IDX","Index","0","Units",,,99.50524,,
"LOLITOAA","Amplitude adjusted (CLI)","USA","United States","M","Monthly","2011-08","Aug-2011","IDX","Index","0","Units",,,99.28307,,
"LOLITOAA","Amplitude adjusted (CLI)","USA","United States","M","Monthly","2011-09","Sep-2011","IDX","Index","0","Units",,,99.17628,,
"LOLITOAA","Amplitude adjusted (CLI)","USA","United States","M","Monthly","2011-10","Oct-2011","IDX","Index","0","Units",,,99.21088,,
"LOLITOAA","Amplitude adjusted (CLI)","USA","United States","M","Monthly","2011-11","Nov-2011","IDX","Index","0","Units",,,99.36492,,
"LOLITOAA","Amplitude adjusted (CLI)","USA","United States","M","Monthly","2011-12","Dec-2011","IDX","Index","0","Units",,,99.58508,,
"LOLITOAA","Amplitude adjusted (CLI)","USA","United States","M","Monthly","2012-01","Jan-2012","IDX","Index","0","Units",,,99.80031,,
"LOLITOAA","Amplitude adjusted (CLI)","USA","United States","M","Monthly","2012-02","Feb-2012","IDX","Index","0","Units",,,99.95249,,
"LOLITOAA","Amplitude adjusted (CLI)","USA","United States","M","Monthly","2012-03","Mar-2012","IDX","Index","0","Units",,,100.0178,,
"LOLITOAA","Amplitude adjusted (CLI)","USA","United States","M","Monthly","2012-04","Apr-2012","IDX","Index","0","Units",,,99.99844,,
"LOLITOAA","Amplitude adjusted (CLI)","USA","United States","M","Monthly","2012-05","May-2012","IDX","Index","0","Units",,,99.9155,,
"LOLITOAA","Amplitude adjusted (CLI)","USA","United States","M","Monthly","2012-06","Jun-2012","IDX","Index","0","Units",,,99.80943,,
"LOLITOAA","Amplitude adjusted (CLI)","USA","United States","M","Monthly","2012-07","Jul-2012","IDX","Index","0","Units",,,99.72543,,
"LOLITOAA","Amplitude adjusted (CLI)","USA","United States","M","Monthly","2012-08","Aug-2012","IDX","Index","0","Units",,,99.68758,,
"LOLITOAA","Amplitude adjusted (CLI)","USA","United States","M","Monthly","2012-09","Sep-2012","IDX","Index","0","Units",,,99.70916,,
"LOLITOAA","Amplitude adjusted (CLI)","USA","United States","M","Monthly","2012-10","Oct-2012","IDX","Index","0","Units",,,99.76576,,
"LOLITOAA","Amplitude adjusted (CLI)","USA","United States","M","Monthly","2012-11","Nov-2012","IDX","Index","0","Units",,,99.83991,,
"LOLITOAA","Amplitude adjusted (CLI)","USA","United States","M","Monthly","2012-12","Dec-2012","IDX","Index","0","Units",,,99.93338,,
"LOLITOAA","Amplitude adjusted (CLI)","USA","United States","M","Monthly","2013-01","Jan-2013","IDX","Index","0","Units",,,100.0431,,
"LOLITOAA","Amplitude adjusted (CLI)","USA","United States","M","Monthly","2013-02","Feb-2013","IDX","Index","0","Units",,,100.158,,
"LOLITOAA","Amplitude adjusted (CLI)","USA","United States","M","Monthly","2013-03","Mar-2013","IDX","Index","0","Units",,,100.2571,,
"LOLITOAA","Amplitude adjusted (CLI)","USA","United States","M","Monthly","2013-04","Apr-2013","IDX","Index","0","Units",,,100.3534,,
"LOLITOAA","Amplitude adjusted (CLI)","USA","United States","M","Monthly","2013-05","May-2013","IDX","Index","0","Units",,,100.4533,,
"LOLITOAA","Amplitude adjusted (CLI)","USA","United States","M","Monthly","2013-06","Jun-2013","IDX","Index","0","Units",,,100.533,,
"LOLITOAA","Amplitude adjusted (CLI)","USA","United States","M","Monthly","2013-07","Jul-2013","IDX","Index","0","Units",,,100.5781,,
"LOLITOAA","Amplitude adjusted (CLI)","USA","United States","M","Monthly","2013-08","Aug-2013","IDX","Index","0","Units",,,100.598,,
"LOLITOAA","Amplitude adjusted (CLI)","USA","United States","M","Monthly","2013-09","Sep-2013","IDX","Index","0","Units",,,100.5981,,
"LOLITOAA","Amplitude adjusted (CLI)","USA","United States","M","Monthly","2013-10","Oct-2013","IDX","Index","0","Units",,,100.592,,
"LOLITOAA","Amplitude adjusted (CLI)","USA","United States","M","Monthly","2013-11","Nov-2013","IDX","Index","0","Units",,,100.5956,,
"LOLITOAA","Amplitude adjusted (CLI)","USA","United States","M","Monthly","2013-12","Dec-2013","IDX","Index","0","Units",,,100.6019,,
"LOLITOAA","Amplitude adjusted (CLI)","USA","United States","M","Monthly","2014-01","Jan-2014","IDX","Index","0","Units",,,100.6132,,
"LOLITOAA","Amplitude adjusted (CLI)","USA","United States","M","Monthly","2014-02","Feb-2014","IDX","Index","0","Units",,,100.6551,,
"LOLITOAA","Amplitude adjusted (CLI)","USA","United States","M","Monthly","2014-03","Mar-2014","IDX","Index","0","Units",,,100.7228,,
"LOLITOAA","Amplitude adjusted (CLI)","USA","United States","M","Monthly","2014-04","Apr-2014","IDX","Index","0","Units",,,100.793,,
"LOLITOAA","Amplitude adjusted (CLI)","USA","United States","M","Monthly","2014-05","May-2014","IDX","Index","0","Units",,,100.8463,,
"LOLITOAA","Amplitude adjusted (CLI)","USA","United States","M","Monthly","2014-06","Jun-2014","IDX","Index","0","Units",,,100.8795,,
"LOLITOAA","Amplitude adjusted (CLI)","USA","United States","M","Monthly","2014-07","Jul-2014","IDX","Index","0","Units",,,100.8947,,
"LOLITOAA","Amplitude adjusted (CLI)","USA","United States","M","Monthly","2014-08","Aug-2014","IDX","Index","0","Units",,,100.8992,,
"LOLITOAA","Amplitude adjusted (CLI)","USA","United States","M","Monthly","2014-09","Sep-2014","IDX","Index","0","Units",,,100.8928,,
"LOLITOAA","Amplitude adjusted (CLI)","USA","United States","M","Monthly","2014-10","Oct-2014","IDX","Index","0","Units",,,100.8714,,
"LOLITOAA","Amplitude adjusted (CLI)","USA","United States","M","Monthly","2014-11","Nov-2014","IDX","Index","0","Units",,,100.8353,,
"LOLITOAA","Amplitude adjusted (CLI)","USA","United States","M","Monthly","2014-12","Dec-2014","IDX","Index","0","Units",,,100.7779,,
"LOLITOAA","Amplitude adjusted (CLI)","USA","United States","M","Monthly","2015-01","Jan-2015","IDX","Index","0","Units",,,100.702,,
"LOLITOAA","Amplitude adjusted (CLI)","USA","United States","M","Monthly","2015-02","Feb-2015","IDX","Index","0","Units",,,100.6123,,
"LOLITOAA","Amplitude adjusted (CLI)","USA","United States","M","Monthly","2015-03","Mar-2015","IDX","Index","0","Units",,,100.5214,,
"LOLITOAA","Amplitude adjusted (CLI)","USA","United States","M","Monthly","2015-04","Apr-2015","IDX","Index","0","Units",,,100.4286,,
"LOLITOAA","Amplitude adjusted (CLI)","USA","United States","M","Monthly","2015-05","May-2015","IDX","Index","0","Units",,,100.3255,,
"LOLITOAA","Amplitude adjusted (CLI)","USA","United States","M","Monthly","2015-06","Jun-2015","IDX","Index","0","Units",,,100.206,,
"LOLITOAA","Amplitude adjusted (CLI)","USA","United States","M","Monthly","2015-07","Jul-2015","IDX","Index","0","Units",,,100.0495,,
"LOLITOAA","Amplitude adjusted (CLI)","USA","United States","M","Monthly","2015-08","Aug-2015","IDX","Index","0","Units",,,99.86513,,
"LOLITOAA","Amplitude adjusted (CLI)","USA","United States","M","Monthly","2015-09","Sep-2015","IDX","Index","0","Units",,,99.68153,,
"LOLITOAA","Amplitude adjusted (CLI)","USA","United States","M","Monthly","2015-10","Oct-2015","IDX","Index","0","Units",,,99.52904,,
"LOLITOAA","Amplitude adjusted (CLI)","USA","United States","M","Monthly","2015-11","Nov-2015","IDX","Index","0","Units",,,99.40033,,
"LOLITOAA","Amplitude adjusted (CLI)","USA","United States","M","Monthly","2015-12","Dec-2015","IDX","Index","0","Units",,,99.28764,,
"LOLITOAA","Amplitude adjusted (CLI)","USA","United States","M","Monthly","2016-01","Jan-2016","IDX","Index","0","Units",,,99.19938,,
"LOLITOAA","Amplitude adjusted (CLI)","USA","United States","M","Monthly","2016-02","Feb-2016","IDX","Index","0","Units",,,99.14028,,
"LOLITOAA","Amplitude adjusted (CLI)","USA","United States","M","Monthly","2016-03","Mar-2016","IDX","Index","0","Units",,,99.11586,,
"LOLITOAA","Amplitude adjusted (CLI)","USA","United States","M","Monthly","2016-04","Apr-2016","IDX","Index","0","Units",,,99.11036,,
"LOLITOAA","Amplitude adjusted (CLI)","USA","United States","M","Monthly","2016-05","May-2016","IDX","Index","0","Units",,,99.10767,,
"LOLITOAA","Amplitude adjusted (CLI)","USA","United States","M","Monthly","2016-06","Jun-2016","IDX","Index","0","Units",,,99.09842,,
"LOLITOAA","Amplitude adjusted (CLI)","USA","United States","M","Monthly","2016-07","Jul-2016","IDX","Index","0","Units",,,99.09493,,
"LOLITOAA","Amplitude adjusted (CLI)","USA","United States","M","Monthly","2016-08","Aug-2016","IDX","Index","0","Units",,,99.1086,,
"LOLITOAA","Amplitude adjusted (CLI)","USA","United States","M","Monthly","2016-09","Sep-2016","IDX","Index","0","Units",,,99.15836,,
"LOLITOAA","Amplitude adjusted (CLI)","USA","United States","M","Monthly","2016-10","Oct-2016","IDX","Index","0","Units",,,99.24516,,
"LOLITOAA","Amplitude adjusted (CLI)","USA","United States","M","Monthly","2016-11","Nov-2016","IDX","Index","0","Units",,,99.3575,,
"LOLITOAA","Amplitude adjusted (CLI)","USA","United States","M","Monthly","2016-12","Dec-2016","IDX","Index","0","Units",,,99.47915,,
"LOLITOAA","Amplitude adjusted (CLI)","USA","United States","M","Monthly","2017-01","Jan-2017","IDX","Index","0","Units",,,99.5862,,
"LOLITOAA","Amplitude adjusted (CLI)","USA","United States","M","Monthly","2017-02","Feb-2017","IDX","Index","0","Units",,,99.8032,,
"LOLITOAA","Amplitude adjusted (CLI)","USA","United States","M","Monthly","2017-03","Mar-2017","IDX","Index","0","Units",,,99.83260,,
"LOLITOAA","Amplitude adjusted (CLI)","USA","United States","M","Monthly","2017-04","Apr-2017","IDX","Index","0","Units",,,99.83260,,
"LOLITOAA","Amplitude adjusted (CLI)","USA","United States","M","Monthly","2017-05","May-2017","IDX","Index","0","Units",,,99.69259,,
"LOLITOAA","Amplitude adjusted (CLI)","USA","United States","M","Monthly","2017-06","Jun-2017","IDX","Index","0","Units",,,99.65067,,